id,name,SMILES,source_row,source_label
DH0001,二酐样本-001,O=C1OC(=O)c2cc(OCc3ccc(COc4ccc5c(c4)C(=O)OC5=O)o3)ccc21,15057,4
DH0002,二酐样本-002,O=C1OC(=O)c2cc(OCc3ccc(COCc4ccc(COc5ccc6c(c5)C(=O)OC6=O)o4)o3)ccc21,15058,4
DH0003,二酐样本-003,O=C1OC(=O)c2cc(OCc3ccc(SSc4ccc(COc5ccc6c(c5)C(=O)OC6=O)o4)o3)ccc21,15059,4
DH0004,二酐样本-004,O=C1OC(=O)c2cc(OCc3ccc(CSCc4ccc(COc5ccc6c(c5)C(=O)OC6=O)o4)o3)ccc21,15060,4
DH0005,二酐样本-005,O=C1OC(=O)c2cc(OCc3ccc(Oc4ccc(COc5ccc6c(c5)C(=O)OC6=O)o4)o3)ccc21,15061,4
DH0006,二酐样本-006,O=C1OC(=O)c2cc(OCc3ccc(COCCOCc4ccc(COc5ccc6c(c5)C(=O)OC6=O)o4)o3)ccc21,15062,4
DH0007,二酐样本-007,O=C1OC(=O)c2cc(OCc3ccc(-c4ccc(COc5ccc6c(c5)C(=O)OC6=O)o4)o3)ccc21,15063,4
DH0008,二酐样本-008,O=C1OC(=O)c2cc(OCc3ccc(C(O)c4ccc(COc5ccc6c(c5)C(=O)OC6=O)o4)o3)ccc21,15064,4
DH0009,二酐样本-009,O=C(C(=O)c1ccc(COc2ccc3c(c2)C(=O)OC3=O)o1)c1ccc(COc2ccc3c(c2)C(=O)OC3=O)o1,15065,4
DH0010,二酐样本-010,O=C1OC(=O)c2cc(OCc3ccc(C(=O)C(O)c4ccc(COc5ccc6c(c5)C(=O)OC6=O)o4)o3)ccc21,15066,4
DH0011,二酐样本-011,O=C1OC(=O)c2cc(OCc3ccc(C(O)C(O)c4ccc(COc5ccc6c(c5)C(=O)OC6=O)o4)o3)ccc21,15067,4
DH0012,二酐样本-012,O=C(CC(=O)c1ccc(COc2ccc3c(c2)C(=O)OC3=O)o1)c1ccc(COc2ccc3c(c2)C(=O)OC3=O)o1,15068,4
DH0013,二酐样本-013,O=C1OC(=O)c2cc(OCc3ccc(C=CC(O)C=Cc4ccc(COc5ccc6c(c5)C(=O)OC6=O)o4)o3)ccc21,15069,4
DH0014,二酐样本-014,O=C1OC(=O)c2cc(OCc3ccc(CCC(O)CCc4ccc(COc5ccc6c(c5)C(=O)OC6=O)o4)o3)ccc21,15070,4
DH0015,二酐样本-015,O=C1OC(=O)c2cc(OCc3ccc(C=NN=Cc4ccc(COc5ccc6c(c5)C(=O)OC6=O)o4)o3)ccc21,15071,4
DH0016,二酐样本-016,O=C1OC(=O)c2cc(OCc3ccc(COCOCc4ccc(COc5ccc6c(c5)C(=O)OC6=O)o4)o3)ccc21,15072,4
DH0017,二酐样本-017,O=C1OC(=O)c2cc(OCc3ccc(Sc4ccc(COc5ccc6c(c5)C(=O)OC6=O)o4)o3)ccc21,15073,4
DH0018,二酐样本-018,O=C1OC(=O)c2cc(OCc3ccc(S(=O)c4ccc(COc5ccc6c(c5)C(=O)OC6=O)o4)o3)ccc21,15074,4
DH0019,二酐样本-019,O=C1OC(=O)c2cc(OCc3ccc(S(=O)(=O)c4ccc(COc5ccc6c(c5)C(=O)OC6=O)o4)o3)ccc21,15075,4
DH0020,二酐样本-020,O=C1OC(=O)c2cc(OCc3ccc(CNCc4ccc(COc5ccc6c(c5)C(=O)OC6=O)o4)o3)ccc21,15076,4
DH0021,二酐样本-021,O=C1OC(=O)c2cc(OCc3ccc(Pc4ccc(COc5ccc6c(c5)C(=O)OC6=O)o4)o3)ccc21,15077,4
DH0022,二酐样本-022,O=C1OC(=O)c2cc(OCc3ccc(Cc4ccc(COc5ccc6c(c5)C(=O)OC6=O)o4)o3)ccc21,15078,4
DH0023,二酐样本-023,O=C(c1ccc(COc2ccc3c(c2)C(=O)OC3=O)o1)c1ccc(COc2ccc3c(c2)C(=O)OC3=O)o1,15079,4
DH0024,二酐样本-024,O=C1OC(=O)c2cc(OCc3ccc(C#CC#Cc4ccc(COc5ccc6c(c5)C(=O)OC6=O)o4)o3)ccc21,15080,4
DH0025,二酐样本-025,O=C1OC(=O)c2cc(OCc3ccc(-c4ccc(-c5ccc(COc6ccc7c(c6)C(=O)OC7=O)o5)s4)o3)ccc21,15081,4
DH0026,二酐样本-026,O=C1OC(=O)c2cc(OCc3ccc(C=Cc4ccc(COc5ccc6c(c5)C(=O)OC6=O)o4)o3)ccc21,15082,4
DH0027,二酐样本-027,O=C1C(=Cc2ccc(COc3ccc4c(c3)C(=O)OC4=O)o2)CCCC1=Cc1ccc(COc2ccc3c(c2)C(=O)OC3=O)o1,15083,4
DH0028,二酐样本-028,O=C1C(=Cc2ccc(COc3ccc4c(c3)C(=O)OC4=O)o2)CCC1=Cc1ccc(COc2ccc3c(c2)C(=O)OC3=O)o1,15084,4
DH0029,二酐样本-029,O=C1OC(=O)c2cc(OCc3ccc(COCCCOCc4ccc(COc5ccc6c(c5)C(=O)OC6=O)o4)o3)ccc21,15085,4
DH0030,二酐样本-030,CN(Cc1ccc(COc2ccc3c(c2)C(=O)OC3=O)o1)Cc1ccc(COc2ccc3c(c2)C(=O)OC3=O)o1,15086,4
DH0031,二酐样本-031,CCN(Cc1ccc(COc2ccc3c(c2)C(=O)OC3=O)o1)Cc1ccc(COc2ccc3c(c2)C(=O)OC3=O)o1,15087,4
DH0032,二酐样本-032,CP(c1ccc(COc2ccc3c(c2)C(=O)OC3=O)o1)c1ccc(COc2ccc3c(c2)C(=O)OC3=O)o1,15088,4
DH0033,二酐样本-033,O=C1OC(=O)c2cc(OCc3ccc([SiH2]c4ccc(COc5ccc6c(c5)C(=O)OC6=O)o4)o3)ccc21,15089,4
DH0034,二酐样本-034,O=C1OC(=O)c2cc(OCc3ccc(CCc4ccc(COc5ccc6c(c5)C(=O)OC6=O)o4)o3)ccc21,15090,4
DH0035,二酐样本-035,O=C1OC(=O)c2cc(OCc3ccc(CCCc4ccc(COc5ccc6c(c5)C(=O)OC6=O)o4)o3)ccc21,15091,4
DH0036,二酐样本-036,CC(C)(c1ccc(COc2ccc3c(c2)C(=O)OC3=O)o1)c1ccc(COc2ccc3c(c2)C(=O)OC3=O)o1,15092,4
DH0037,二酐样本-037,O=C(CCC(=O)c1ccc(COc2ccc3c(c2)C(=O)OC3=O)o1)c1ccc(COc2ccc3c(c2)C(=O)OC3=O)o1,15093,4
DH0038,二酐样本-038,O=C1OC(=O)c2cc(OCc3ccc([PH](=O)c4ccc(COc5ccc6c(c5)C(=O)OC6=O)o4)o3)ccc21,15094,4
DH0039,二酐样本-039,CP(=O)(c1ccc(COc2ccc3c(c2)C(=O)OC3=O)o1)c1ccc(COc2ccc3c(c2)C(=O)OC3=O)o1,15095,4
DH0040,二酐样本-040,C[Si](C)(c1ccc(COc2ccc3c(c2)C(=O)OC3=O)o1)c1ccc(COc2ccc3c(c2)C(=O)OC3=O)o1,15096,4
DH0041,二酐样本-041,CCC(CC)(c1ccc(COc2ccc3c(c2)C(=O)OC3=O)o1)c1ccc(COc2ccc3c(c2)C(=O)OC3=O)o1,15097,4
DH0042,二酐样本-042,O=C1OC(=O)c2cc(OCc3ccc(C(O)CC(O)c4ccc(COc5ccc6c(c5)C(=O)OC6=O)o4)o3)ccc21,15098,4
DH0043,二酐样本-043,O=C1OC(=O)c2cc(OCc3ccc(C(O)CCC(O)c4ccc(COc5ccc6c(c5)C(=O)OC6=O)o4)o3)ccc21,15099,4
DH0044,二酐样本-044,O=C(CC(O)c1ccc(COc2ccc3c(c2)C(=O)OC3=O)o1)c1ccc(COc2ccc3c(c2)C(=O)OC3=O)o1,15100,4
DH0045,二酐样本-045,O=C(CCC(O)c1ccc(COc2ccc3c(c2)C(=O)OC3=O)o1)c1ccc(COc2ccc3c(c2)C(=O)OC3=O)o1,15101,4
DH0046,二酐样本-046,O=C1OC(=O)c2cc(OCc3ccc(-c4ccc(-c5ccc(COc6ccc7c(c6)C(=O)OC7=O)o5)cc4)o3)ccc21,15102,4
DH0047,二酐样本-047,O=C1OC(=O)c2cc(OCc3ccc(-c4ccc(-c5ccc(COc6ccc7c(c6)C(=O)OC7=O)o5)o4)o3)ccc21,15103,4
DH0048,二酐样本-048,O=C(C=CC(=O)c1ccc(COc2ccc3c(c2)C(=O)OC3=O)o1)c1ccc(COc2ccc3c(c2)C(=O)OC3=O)o1,15104,4
DH0049,二酐样本-049,O=C(C=CC(O)c1ccc(COc2ccc3c(c2)C(=O)OC3=O)o1)c1ccc(COc2ccc3c(c2)C(=O)OC3=O)o1,15105,4
DH0050,二酐样本-050,O=C1OC(=O)c2cc(OCc3ccc(-c4ccc(-c5ccc(-c6ccc(COc7ccc8c(c7)C(=O)OC8=O)o6)cc5)cc4)o3)ccc21,15106,4
DH0051,二酐样本-051,O=C1OC(=O)c2cc(OCc3ccc(C#Cc4ccc(COc5ccc6c(c5)C(=O)OC6=O)o4)o3)ccc21,15107,4
DH0052,二酐样本-052,O=C1OC(=O)c2cc(OCc3ccc(-c4cccc(-c5ccc(COc6ccc7c(c6)C(=O)OC7=O)o5)n4)o3)ccc21,15108,4
DH0053,二酐样本-053,O=C1OC(=O)c2cc(OCc3ccc(-c4ncnc(-c5ccc(COc6ccc7c(c6)C(=O)OC7=O)o5)n4)o3)ccc21,15109,4
DH0054,二酐样本-054,C[Si](C)(O[Si](C)(C)c1ccc(COc2ccc3c(c2)C(=O)OC3=O)o1)c1ccc(COc2ccc3c(c2)C(=O)OC3=O)o1,15110,4
DH0055,二酐样本-055,O=C1OC(=O)c2cc(OCc3ccc([Si](c4ccccc4)(c4ccccc4)c4ccc(COc5ccc6c(c5)C(=O)OC6=O)o4)o3)ccc21,15111,4
DH0056,二酐样本-056,COB(c1ccc(COc2ccc3c(c2)C(=O)OC3=O)o1)c1ccc(COc2ccc3c(c2)C(=O)OC3=O)o1,15112,4
DH0057,二酐样本-057,COB(OB(OC)c1ccc(COc2ccc3c(c2)C(=O)OC3=O)o1)c1ccc(COc2ccc3c(c2)C(=O)OC3=O)o1,15113,4
DH0058,二酐样本-058,COP(=O)(c1ccc(COc2ccc3c(c2)C(=O)OC3=O)o1)c1ccc(COc2ccc3c(c2)C(=O)OC3=O)o1,15114,4
DH0059,二酐样本-059,O=C1OC(=O)c2cc(OCc3ccc(Nc4ccc(COc5ccc6c(c5)C(=O)OC6=O)o4)o3)ccc21,15115,4
DH0060,二酐样本-060,O=C1OC(=O)c2cc(OCc3ccc(CNCNCc4ccc(COc5ccc6c(c5)C(=O)OC6=O)o4)o3)ccc21,15116,4
DH0061,二酐样本-061,O=C1OC(=O)c2cc(OCc3ccc(CNCCNCc4ccc(COc5ccc6c(c5)C(=O)OC6=O)o4)o3)ccc21,15117,4
DH0062,二酐样本-062,O=C1OC(=O)c2cc(OCc3ccc(CNCCCNCc4ccc(COc5ccc6c(c5)C(=O)OC6=O)o4)o3)ccc21,15118,4
DH0063,二酐样本-063,CN(c1ccc(COc2ccc3c(c2)C(=O)OC3=O)o1)c1ccc(COc2ccc3c(c2)C(=O)OC3=O)o1,15119,4
DH0064,二酐样本-064,CN(Cc1ccc(COc2ccc3c(c2)C(=O)OC3=O)o1)CN(C)Cc1ccc(COc2ccc3c(c2)C(=O)OC3=O)o1,15120,4
DH0065,二酐样本-065,CN(CCN(C)Cc1ccc(COc2ccc3c(c2)C(=O)OC3=O)o1)Cc1ccc(COc2ccc3c(c2)C(=O)OC3=O)o1,15121,4
DH0066,二酐样本-066,CN(CCCN(C)Cc1ccc(COc2ccc3c(c2)C(=O)OC3=O)o1)Cc1ccc(COc2ccc3c(c2)C(=O)OC3=O)o1,15122,4
DH0067,二酐样本-067,COCC(COC)(c1ccc(COc2ccc3c(c2)C(=O)OC3=O)o1)c1ccc(COc2ccc3c(c2)C(=O)OC3=O)o1,15123,4
DH0068,二酐样本-068,O=C(NNC(=O)c1ccc(COc2ccc3c(c2)C(=O)OC3=O)o1)c1ccc(COc2ccc3c(c2)C(=O)OC3=O)o1,15124,4
DH0069,二酐样本-069,O=C(NCc1ccc(COc2ccc3c(c2)C(=O)OC3=O)o1)NCc1ccc(COc2ccc3c(c2)C(=O)OC3=O)o1,15125,4
DH0070,二酐样本-070,O=C(Nc1ccc(COc2ccc3c(c2)C(=O)OC3=O)o1)Nc1ccc(COc2ccc3c(c2)C(=O)OC3=O)o1,15126,4
DH0071,二酐样本-071,O=C(c1ccc(C(=O)c2ccc(COc3ccc4c(c3)C(=O)OC4=O)o2)cc1)c1ccc(COc2ccc3c(c2)C(=O)OC3=O)o1,15127,4
DH0072,二酐样本-072,O=C(c1cccc(C(=O)c2ccc(COc3ccc4c(c3)C(=O)OC4=O)o2)c1)c1ccc(COc2ccc3c(c2)C(=O)OC3=O)o1,15128,4
DH0073,二酐样本-073,O=C(Oc1ccc(COc2ccc3c(c2)C(=O)OC3=O)o1)Oc1ccc(COc2ccc3c(c2)C(=O)OC3=O)o1,15129,4
DH0074,二酐样本-074,O=C(OCc1ccc(COc2ccc3c(c2)C(=O)OC3=O)o1)OCc1ccc(COc2ccc3c(c2)C(=O)OC3=O)o1,15130,4
DH0075,二酐样本-075,O=C1OC(=O)c2cc(OCc3ccc(OCOc4ccc(COc5ccc6c(c5)C(=O)OC6=O)o4)o3)ccc21,15131,4
DH0076,二酐样本-076,O=C1OC(=O)c2cc(OCc3ccc(CSCSCc4ccc(COc5ccc6c(c5)C(=O)OC6=O)o4)o3)ccc21,15132,4
DH0077,二酐样本-077,O=C1OC(=O)c2cc(OCc3ccc(CSCCCSCc4ccc(COc5ccc6c(c5)C(=O)OC6=O)o4)o3)ccc21,15133,4
DH0078,二酐样本-078,O=C1OC(=O)c2cc(OCc3ccc(CSCCSCc4ccc(COc5ccc6c(c5)C(=O)OC6=O)o4)o3)ccc21,15134,4
DH0079,二酐样本-079,O=C1OC(=O)c2cc(OCc3ccc(C(F)(F)C(F)(F)c4ccc(COc5ccc6c(c5)C(=O)OC6=O)o4)o3)ccc21,15135,4
DH0080,二酐样本-080,O=C1OC(=O)c2cc(OCc3ccc(C(F)(F)c4ccc(COc5ccc6c(c5)C(=O)OC6=O)o4)o3)ccc21,15136,4
DH0081,二酐样本-081,O=C1OC(=O)c2cc(OCc3ccc(C(=O)c4c(F)c(F)c(C(=O)c5ccc(COc6ccc7c(c6)C(=O)OC7=O)o5)c(F)c4F)o3)ccc21,15137,4
DH0082,二酐样本-082,O=C1OC(=O)c2cc(OCc3ccc(C(c4ccc(COc5ccc6c(c5)C(=O)OC6=O)o4)(C(F)(F)F)C(F)(F)F)o3)ccc21,15138,4
DH0083,二酐样本-083,O=C1OC(=O)c2cc(OCc3ccc(C4(c5ccc(COc6ccc7c(c6)C(=O)OC7=O)o5)CC4)o3)ccc21,15139,4
DH0084,二酐样本-084,O=C1OC(=O)c2cc(OCc3ccc(-c4ccc(Cc5ccc(-c6ccc(COc7ccc8c(c7)C(=O)OC8=O)o6)cc5)cc4)o3)ccc21,15140,4
DH0085,二酐样本-085,O=C1OC(=O)c2cc(OCc3ccc(-c4ccc(Nc5ccc(-c6ccc(COc7ccc8c(c7)C(=O)OC8=O)o6)cc5)cc4)o3)ccc21,15141,4
DH0086,二酐样本-086,O=C1OC(=O)c2cc(OCc3ccc(-c4ccc(Sc5ccc(-c6ccc(COc7ccc8c(c7)C(=O)OC8=O)o6)cc5)cc4)o3)ccc21,15142,4
DH0087,二酐样本-087,O=C1OC(=O)c2cc(OCc3ccc(-c4ccc(Oc5ccc(-c6ccc(COc7ccc8c(c7)C(=O)OC8=O)o6)cc5)cc4)o3)ccc21,15143,4
DH0088,二酐样本-088,CN(c1ccc(-c2ccc(COc3ccc4c(c3)C(=O)OC4=O)o2)cc1)c1ccc(-c2ccc(COc3ccc4c(c3)C(=O)OC4=O)o2)cc1,15144,4
DH0089,二酐样本-089,O=C1OC(=O)c2cc(OCc3ccc(C=CC=Cc4ccc(COc5ccc6c(c5)C(=O)OC6=O)o4)o3)ccc21,15145,4
DH0090,二酐样本-090,O=C1OC(=O)c2cc(OCc3ccc(-c4cc(F)cc(-c5ccc(COc6ccc7c(c6)C(=O)OC7=O)o5)c4)o3)ccc21,15146,4
DH0091,二酐样本-091,O=C1OC(=O)c2cc(OCc3ccc(-c4ccccc4-c4ccc(COc5ccc6c(c5)C(=O)OC6=O)o4)o3)ccc21,15147,4
DH0092,二酐样本-092,O=C1OC(=O)c2cc(OCc3ccc(-c4ccc5c(c4)Cc4cc(-c6ccc(COc7ccc8c(c7)C(=O)OC8=O)o6)ccc4-5)o3)ccc21,15148,4
DH0093,二酐样本-093,CC(c1ccc(COc2ccc3c(c2)C(=O)OC3=O)o1)C(C)c1ccc(COc2ccc3c(c2)C(=O)OC3=O)o1,15149,4
DH0094,二酐样本-094,CC(Cc1ccc(COc2ccc3c(c2)C(=O)OC3=O)o1)Cc1ccc(COc2ccc3c(c2)C(=O)OC3=O)o1,15150,4
DH0095,二酐样本-095,COC(Cc1ccc(COc2ccc3c(c2)C(=O)OC3=O)o1)Cc1ccc(COc2ccc3c(c2)C(=O)OC3=O)o1,15151,4
DH0096,二酐样本-096,CNC(Cc1ccc(COc2ccc3c(c2)C(=O)OC3=O)o1)Cc1ccc(COc2ccc3c(c2)C(=O)OC3=O)o1,15152,4
DH0097,二酐样本-097,NC(Cc1ccc(COc2ccc3c(c2)C(=O)OC3=O)o1)Cc1ccc(COc2ccc3c(c2)C(=O)OC3=O)o1,15153,4
DH0098,二酐样本-098,O=C1OC(=O)c2cc(OCc3ccc(CC(CO)Cc4ccc(COc5ccc6c(c5)C(=O)OC6=O)o4)o3)ccc21,15154,4
DH0099,二酐样本-099,O=C1OC(=O)c2cc(OCc3ccc(CC(O)Cc4ccc(COc5ccc6c(c5)C(=O)OC6=O)o4)o3)ccc21,15155,4
DH0100,二酐样本-100,O=C1OC(=O)c2cc(OCc3ccc(C4CCC(c5ccc(COc6ccc7c(c6)C(=O)OC7=O)o5)CC4)o3)ccc21,15156,4
DH0101,二酐样本-101,O=C1OC(=O)c2cc(OCc3ccc(C4CC5OC4CC5c4ccc(COc5ccc6c(c5)C(=O)OC6=O)o4)o3)ccc21,15157,4
DH0102,二酐样本-102,O=C1OC(=O)c2cc(OCc3ccc(S(=O)(=O)c4ccc(S(=O)(=O)c5ccc(COc6ccc7c(c6)C(=O)OC7=O)o5)cc4)o3)ccc21,15158,4
DH0103,二酐样本-103,O=C1OC(=O)c2cc(OCc3ccc(COCNCOCc4ccc(COc5ccc6c(c5)C(=O)OC6=O)o4)o3)ccc21,15159,4
DH0104,二酐样本-104,O=C1OC(=O)c2cc(OCc3ccc(N=Nc4ccc(COc5ccc6c(c5)C(=O)OC6=O)o4)o3)ccc21,15160,4
DH0105,二酐样本-105,O=C1OC(=O)c2cc(OCc3ccc(CCCCCc4ccc(COc5ccc6c(c5)C(=O)OC6=O)o4)o3)ccc21,15161,4
DH0106,二酐样本-106,O=C1OC(=O)c2cc(OCc3ccc(CCCCCCCc4ccc(COc5ccc6c(c5)C(=O)OC6=O)o4)o3)ccc21,15162,4
DH0107,二酐样本-107,O=C1OC(=O)c2cc(OCc3ccc(CCCCc4ccc(COc5ccc6c(c5)C(=O)OC6=O)o4)o3)ccc21,15163,4
DH0108,二酐样本-108,O=C1OC(=O)c2cc(OCc3ccc(CCOCCc4ccc(COc5ccc6c(c5)C(=O)OC6=O)o4)o3)ccc21,15164,4
DH0109,二酐样本-109,O=C1OC(=O)c2cc(OCc3ccc(CCNCCc4ccc(COc5ccc6c(c5)C(=O)OC6=O)o4)o3)ccc21,15167,4
DH0110,二酐样本-110,O=C1OC(=O)c2cc(OCc3ccc(CCSCCc4ccc(COc5ccc6c(c5)C(=O)OC6=O)o4)o3)ccc21,15168,4
DH0111,二酐样本-111,CN(CCc1ccc(COc2ccc3c(c2)C(=O)OC3=O)o1)CCc1ccc(COc2ccc3c(c2)C(=O)OC3=O)o1,15169,4
DH0112,二酐样本-112,CCC(c1ccc(COc2ccc3c(c2)C(=O)OC3=O)o1)C(CC)c1ccc(COc2ccc3c(c2)C(=O)OC3=O)o1,15170,4
DH0113,二酐样本-113,O=C1OC(=O)c2cc(OCc3ccc(CC(Cc4ccc(COc5ccc6c(c5)C(=O)OC6=O)o4)c4ccccc4)o3)ccc21,15171,4
DH0114,二酐样本-114,CC(=O)OC(Cc1ccc(COc2ccc3c(c2)C(=O)OC3=O)o1)Cc1ccc(COc2ccc3c(c2)C(=O)OC3=O)o1,15172,4
DH0115,二酐样本-115,O=C1OC(=O)c2cc(OCc3ccc(CC(Cc4ccc(COc5ccc6c(c5)C(=O)OC6=O)o4)Oc4ccccc4)o3)ccc21,15173,4
DH0116,二酐样本-116,CC(=O)NC(Cc1ccc(COc2ccc3c(c2)C(=O)OC3=O)o1)Cc1ccc(COc2ccc3c(c2)C(=O)OC3=O)o1,15174,4
DH0117,二酐样本-117,CN(C)C(Cc1ccc(COc2ccc3c(c2)C(=O)OC3=O)o1)Cc1ccc(COc2ccc3c(c2)C(=O)OC3=O)o1,15175,4
DH0118,二酐样本-118,O=C1OC(=O)c2cc(OCc3ccc(CC#CCc4ccc(COc5ccc6c(c5)C(=O)OC6=O)o4)o3)ccc21,15176,4
DH0119,二酐样本-119,O=C1OC(=O)c2cc(OCc3ccc(CC=CCc4ccc(COc5ccc6c(c5)C(=O)OC6=O)o4)o3)ccc21,15177,4
DH0120,二酐样本-120,O=C(CCCc1ccc(COc2ccc3c(c2)C(=O)OC3=O)o1)OCCc1ccc(COc2ccc3c(c2)C(=O)OC3=O)o1,15179,4
